{"cameraMode":{"drawMode":0,"name":"Shaded","section":"Shading Mode"},"sceneLighting":true,"audioPlay":false,"sceneViewState":{"showFog":false,"showMaterialUpdate":false,"showSkybox":false,"showFlares":false,"showImageEffects":false,"showParticleSystems":false},"in2DMode":false,"pivot":{"x":297.5877685546875,"y":101.00723266601563,"z":353.9957275390625},"rotation":{"x":0.527061402797699,"y":0.04202963784337044,"z":-0.02611071802675724,"w":0.848388135433197},"size":64.8737564086914,"orthographic":false}