{"cameraMode":{"drawMode":0,"name":"Shaded","section":"Shading Mode"},"sceneLighting":true,"audioPlay":false,"sceneViewState":{"showFog":false,"showMaterialUpdate":false,"showSkybox":false,"showFlares":false,"showImageEffects":false,"showParticleSystems":false},"in2DMode":false,"pivot":{"x":286.68017578125,"y":1.196533203125,"z":253.21533203125},"rotation":{"x":-0.07290291786193848,"y":0.9180512428283691,"z":-0.19999419152736665,"w":-0.3345818519592285},"size":1.2566553354263306,"orthographic":true}