{"cameraMode":{"drawMode":0,"name":"Shaded","section":"Shading Mode"},"sceneLighting":true,"audioPlay":false,"sceneViewState":{"showFog":false,"showMaterialUpdate":false,"showSkybox":false,"showFlares":false,"showImageEffects":false,"showParticleSystems":false},"in2DMode":false,"pivot":{"x":289.58935546875,"y":2.55224609375,"z":256.47216796875},"rotation":{"x":-0.1112758070230484,"y":0.877749502658844,"z":-0.24718107283115388,"w":-0.3951331675052643},"size":4.324535846710205,"orthographic":true}