{"cameraMode":{"drawMode":0,"name":"Shaded","section":"Shading Mode"},"sceneLighting":false,"audioPlay":false,"sceneViewState":{"showFog":false,"showMaterialUpdate":false,"showSkybox":false,"showFlares":false,"showImageEffects":false,"showParticleSystems":false},"in2DMode":false,"pivot":{"x":337.016357421875,"y":168.02073669433595,"z":-0.105194091796875},"rotation":{"x":-0.03355039656162262,"y":-0.042238906025886539,"z":0.001590370899066329,"w":-0.9985897541046143},"size":63.32619094848633,"orthographic":true}