{"cameraMode":{"drawMode":0,"name":"Shaded","section":"Shading Mode"},"sceneLighting":true,"audioPlay":false,"sceneViewState":{"showFog":false,"showMaterialUpdate":false,"showSkybox":false,"showFlares":false,"showImageEffects":false,"showParticleSystems":false},"in2DMode":false,"pivot":{"x":284.449951171875,"y":1.82421875,"z":254.772216796875},"rotation":{"x":-0.07290291786193848,"y":0.9180512428283691,"z":-0.19999419152736665,"w":-0.3345818519592285},"size":7.688383102416992,"orthographic":true}