{"cameraMode":{"drawMode":0,"name":"Shaded","section":"Shading Mode"},"sceneLighting":true,"audioPlay":false,"sceneViewState":{"showFog":false,"showMaterialUpdate":false,"showSkybox":false,"showFlares":false,"showImageEffects":false,"showParticleSystems":false},"in2DMode":false,"pivot":{"x":458.99444580078127,"y":38.5101318359375,"z":1004.6693725585938},"rotation":{"x":0.2766593098640442,"y":-0.12781429290771485,"z":0.03715570271015167,"w":0.951717734336853},"size":53.90939712524414,"orthographic":false}