{"cameraMode":{"drawMode":0,"name":"Shaded","section":"Shading Mode"},"sceneLighting":false,"audioPlay":false,"sceneViewState":{"showFog":false,"showMaterialUpdate":false,"showSkybox":false,"showFlares":false,"showImageEffects":false,"showParticleSystems":false},"in2DMode":false,"pivot":{"x":-0.022719621658325197,"y":1.3197139501571656,"z":0.3696960210800171},"rotation":{"x":-0.1112758070230484,"y":0.877749502658844,"z":-0.24718107283115388,"w":-0.3951331675052643},"size":2.5806946754455568,"orthographic":true}