{"cameraMode":{"drawMode":0,"name":"Shaded","section":"Shading Mode"},"sceneLighting":true,"audioPlay":false,"sceneViewState":{"showFog":false,"showMaterialUpdate":false,"showSkybox":false,"showFlares":false,"showImageEffects":false,"showParticleSystems":false},"in2DMode":false,"pivot":{"x":686.1500244140625,"y":26.974010467529298,"z":132.22000122070313},"rotation":{"x":0.06643225252628327,"y":0.9165055751800537,"z":-0.35537058115005495,"w":0.17132151126861573},"size":20.754043579101564,"orthographic":false}