{"cameraMode":{"drawMode":0,"name":"Shaded","section":"Shading Mode"},"sceneLighting":true,"audioPlay":false,"sceneViewState":{"showFog":false,"showMaterialUpdate":false,"showSkybox":false,"showFlares":false,"showImageEffects":false,"showParticleSystems":false},"in2DMode":false,"pivot":{"x":260.0766296386719,"y":-2.484375,"z":218.56591796875},"rotation":{"x":0.6931688189506531,"y":-0.0054047792218625549,"z":0.005199609789997339,"w":0.7207434773445129},"size":26.274871826171876,"orthographic":true}