{"cameraMode":{"drawMode":0,"name":"Shaded","section":"Shading Mode"},"sceneLighting":false,"audioPlay":false,"sceneViewState":{"showFog":false,"showMaterialUpdate":false,"showSkybox":false,"showFlares":false,"showImageEffects":false,"showParticleSystems":false},"in2DMode":false,"pivot":{"x":-1.3614501953125,"y":8.04906940460205,"z":0.22989439964294434},"rotation":{"x":0.2766593098640442,"y":-0.12781429290771485,"z":0.03715570271015167,"w":0.951717734336853},"size":2.043135643005371,"orthographic":false}