{"cameraMode":{"drawMode":0,"name":"Shaded","section":"Shading Mode"},"sceneLighting":false,"audioPlay":false,"sceneViewState":{"showFog":false,"showMaterialUpdate":false,"showSkybox":false,"showFlares":false,"showImageEffects":false,"showParticleSystems":false},"in2DMode":false,"pivot":{"x":-3.8558645248413088,"y":7.881720066070557,"z":-0.01797616481781006},"rotation":{"x":0.2766593098640442,"y":-0.12781429290771485,"z":0.03715570271015167,"w":0.951717734336853},"size":1.8019064664840699,"orthographic":false}