{"cameraMode":{"drawMode":0,"name":"Shaded","section":"Shading Mode"},"sceneLighting":true,"audioPlay":false,"sceneViewState":{"showFog":false,"showMaterialUpdate":false,"showSkybox":false,"showFlares":false,"showImageEffects":false,"showParticleSystems":false},"in2DMode":false,"pivot":{"x":284.96728515625,"y":3.9383544921875,"z":254.37603759765626},"rotation":{"x":-0.12267011404037476,"y":-0.6507419347763062,"z":0.10788904130458832,"w":-0.7415790557861328},"size":3.148808240890503,"orthographic":true}