{"cameraMode":{"drawMode":0,"name":"Shaded","section":"Shading Mode"},"sceneLighting":false,"audioPlay":false,"sceneViewState":{"showFog":false,"showMaterialUpdate":false,"showSkybox":false,"showFlares":false,"showImageEffects":false,"showParticleSystems":false},"in2DMode":false,"pivot":{"x":-0.01600697636604309,"y":0.26676449179649355,"z":-0.004325568675994873},"rotation":{"x":0.2645261883735657,"y":-0.6700964570045471,"z":0.6348541975021362,"w":0.2792109549045563},"size":0.36538681387901308,"orthographic":false}