{"cameraMode":{"drawMode":0,"name":"Shaded","section":"Shading Mode"},"sceneLighting":false,"audioPlay":false,"sceneViewState":{"showFog":false,"showMaterialUpdate":false,"showSkybox":false,"showFlares":false,"showImageEffects":false,"showParticleSystems":false},"in2DMode":false,"pivot":{"x":262.67529296875,"y":1.1999483108520508,"z":235.80528259277345},"rotation":{"x":0.17226119339466096,"y":-0.18786229193210603,"z":0.033486343920230868,"w":0.9663968682289124},"size":1.5282130241394044,"orthographic":true}