{"cameraMode":{"drawMode":0,"name":"Shaded","section":"Shading Mode"},"sceneLighting":false,"audioPlay":false,"sceneViewState":{"showFog":false,"showMaterialUpdate":false,"showSkybox":false,"showFlares":false,"showImageEffects":false,"showParticleSystems":false},"in2DMode":false,"pivot":{"x":-10.032008171081543,"y":-1.5438652038574219,"z":-18.527782440185548},"rotation":{"x":0.2766593098640442,"y":-0.12781429290771485,"z":0.03715570271015167,"w":0.951717734336853},"size":69.10882568359375,"orthographic":false}